<?xml version="1.0" encoding="UTF-8" ?>
<!DOCTYPE mapper PUBLIC "-//mybatis.org//DTD Mapper 3.0//EN" "http://mybatis.org/dtd/mybatis-3-mapper.dtd" >
<mapper namespace="com.baomidou.mybatisplus.samples.deluxe.mapper.UserMapper">

    <select id="selectUserPage" resultType="com.baomidou.mybatisplus.samples.deluxe.entity.User">
        select *
        from user
        <trim prefix="where" prefixOverrides="AND">
            <if test="selectInt != null">
                age = #{selectInt}
            </if>
            <if test="selectStr != null">
                AND name = #{selectStr}
            </if>
            AND deleted = 0
        </trim>
    </select>
    <!-- verify github #1532-->
    <select id="findList" parameterType="com.baomidou.mybatisplus.samples.deluxe.entity.User" resultType="com.baomidou.mybatisplus.samples.deluxe.entity.User">
        select * from user where name like concat(concat('%', #{user.name}), '%')
    </select>

    <select id="customerSqlSegment" resultType="com.baomidou.mybatisplus.samples.deluxe.entity.User">
        select u.*
        from USER u
        ${ew.customSqlSegment}
    </select>

</mapper>